Name,Country,Source,Type,Unit,Adjustment,Ticker,Japanese
"Thailand, Coronavirus cases cumulative, Thailand, Volume",Thailand,World Health Organization (WHO),Population,Person,"Volume,not seasonally adjusted",THCOVD=ECI,タイ
"Japan, Coronavirus cases cumulative, Japan, Volume",Japan,World Health Organization (WHO),Population,Person,"Volume,not seasonally adjusted",JPCOVD=ECI,日本
"South Korea, Coronavirus cases cumulative, South Korea, Volume",South Korea,World Health Organization (WHO),Population,Person,"Volume,not seasonally adjusted",KRCOVD=ECI,韓国
"United States, Coronavirus cases cumulative, USA, Volume",United States,World Health Organization (WHO),Population,Person,"Volume,not seasonally adjusted",USCOVD=ECI,米国(WHO)
"Vietnam, Coronavirus cases cumulative, Vietnam, Volume",Vietnam,World Health Organization (WHO),Population,Person,"Volume,not seasonally adjusted",VNCOVD=ECI,ベトナム
"Singapore, Coronavirus cases cumulative, Singapore, Volume",Singapore,World Health Organization (WHO),Population,Person,"Volume,not seasonally adjusted",SGCOVD=ECI,シンガポール
"Nepal, Coronavirus cases cumulative, Nepal, Volume",Nepal,World Health Organization (WHO),Population,Person,"Volume,not seasonally adjusted",NPCOVD=ECI,ネパール
"France, Coronavirus cases cumulative, France, Volume",France,World Health Organization (WHO),Population,Person,"Volume,not seasonally adjusted",FRCOVD=ECI,フランス
"Malaysia, Coronavirus cases cumulative, Malaysia, Volume",Malaysia,World Health Organization (WHO),Population,Person,"Volume,not seasonally adjusted",MYCOVD=ECI,マレーシア
"Australia, Coronavirus cases cumulative, Australia, Volume",Australia,World Health Organization (WHO),Population,Person,"Volume,not seasonally adjusted",AUCOVD=ECI,オーストラリア
"Canada, Coronavirus cases cumulative, Canada, Volume",Canada,World Health Organization (WHO),Population,Person,"Volume,not seasonally adjusted",CACOVD=ECI,カナダ
"Germany, Coronavirus cases cumulative, Germany, Volume",Germany,World Health Organization (WHO),Population,Person,"Volume,not seasonally adjusted",DECOVD=ECI,ドイツ
"Cambodia, Coronavirus cases cumulative, Cambodia, Volume",Cambodia,World Health Organization (WHO),Population,Person,"Volume,not seasonally adjusted",KHCOVD=ECI,カンボジア
"Sri Lanka, Coronavirus cases cumulative, Sri Lanka, Volume",Sri Lanka,World Health Organization (WHO),Population,Person,"Volume,not seasonally adjusted",LKCOVD=ECI,スリランカ
"Kosovo, Coronavirus cases cumulative, Kosovo, Volume",Kosovo,World Health Organization (WHO),Population,Person,"Volume,not seasonally adjusted",XKCOVD=ECI,コソボ
"Philippines, Coronavirus cases cumulative, Philippines, Volume",Philippines,World Health Organization (WHO),Population,Person,"Volume,not seasonally adjusted",PHCOVD=ECI,フィリピン
"India, Coronavirus cases cumulative, India, Volume",India,World Health Organization (WHO),Population,Person,"Volume,not seasonally adjusted",INCOVD=ECI,インド
"Italy, Coronavirus cases cumulative, Italy, Volume",Italy,World Health Organization (WHO),Population,Person,"Volume,not seasonally adjusted",ITCOVD=ECI,イタリア
"United Kingdom, Coronavirus cases cumulative, The United Kingdom, Volume",United Kingdom,World Health Organization (WHO),Population,Person,"Volume,not seasonally adjusted",GBCOVD=ECI,イギリス
"Austria, Coronavirus cases cumulative, Austria, Volume",Austria,World Health Organization (WHO),Population,Person,"Volume,not seasonally adjusted",ATCOVD=ECI,オーストリア
"Croatia, Coronavirus cases cumulative, Croatia, Volume",Croatia,World Health Organization (WHO),Population,Person,"Volume,not seasonally adjusted",HRCOVD=ECI,クロアチア
"Israel, Coronavirus cases cumulative, Israel, Volume",Israel,World Health Organization (WHO),Population,Person,"Volume,not seasonally adjusted",ILCOVD=ECI,イスラエル
"Russia, Coronavirus cases cumulative, Russia, Volume",Russia,World Health Organization (WHO),Population,Person,"Volume,not seasonally adjusted",RUCOVD=ECI,ロシア連邦
"Spain, Coronavirus cases cumulative, Spain, Volume",Spain,World Health Organization (WHO),Population,Person,"Volume,not seasonally adjusted",ESCOVD=ECI,スペイン
"Belgium, Coronavirus cases cumulative, Belgium, Volume",Belgium,World Health Organization (WHO),Population,Person,"Volume,not seasonally adjusted",BECOVD=ECI,ベルギー
"Finland, Coronavirus cases cumulative, Finland, Volume",Finland,World Health Organization (WHO),Population,Person,"Volume,not seasonally adjusted",FICOVD=ECI,フィンランド
"Sweden, Coronavirus cases cumulative, Sweden, Volume",Sweden,World Health Organization (WHO),Population,Person,"Volume,not seasonally adjusted",SECOVD=ECI,スウェーデン
"Switzerland, Coronavirus cases cumulative, Switzerland, Volume",Switzerland,World Health Organization (WHO),Population,Person,"Volume,not seasonally adjusted",CHCOVD=ECI,スイス
"Iran, Coronavirus cases cumulative, Iran, Volume",Iran,World Health Organization (WHO),Population,Person,"Volume,not seasonally adjusted",IRCOVD=ECI,イラン
"Bahrain, Coronavirus cases cumulative, Bahrain, Volume",Bahrain,World Health Organization (WHO),Population,Person,"Volume,not seasonally adjusted",BHCOVD=ECI,バーレーン
"United Arab Emirates, Coronavirus cases cumulative, United Arab Emirates, Volume",United Arab Emirates,World Health Organization (WHO),Population,Person,"Volume,not seasonally adjusted",AECOVD=ECI,アラブ首長国連邦
"Kuwait, Coronavirus cases cumulative, Kuwait, Volume",Kuwait,World Health Organization (WHO),Population,Person,"Volume,not seasonally adjusted",KWCOVD=ECI,クウェート
"Iraq, Coronavirus cases cumulative, Iraq, Volume",Iraq,World Health Organization (WHO),Population,Person,"Volume,not seasonally adjusted",IQCOVD=ECI,イラク
"Oman, Coronavirus cases cumulative, Oman, Volume",Oman,World Health Organization (WHO),Population,Person,"Volume,not seasonally adjusted",OMCOVD=ECI,オマーン
"Afghanistan, Coronavirus cases cumulative, Afghanistan, Volume",Afghanistan,World Health Organization (WHO),Population,Person,"Volume,not seasonally adjusted",AFCOVD=ECI,アフガニスタン
"Egypt, Coronavirus cases cumulative, Egypt, Volume",Egypt,World Health Organization (WHO),Population,Person,"Volume,not seasonally adjusted",EGCOVD=ECI,エジプト
"Algeria, Coronavirus cases cumulative, Algeria, Volume",Algeria,World Health Organization (WHO),Population,Person,"Volume,not seasonally adjusted",DZCOVD=ECI,アルジェリア
"Japan, Coronavirus cases cumulative, Diamond Princess, Volume",Diamond Princess,World Health Organization (WHO),Population,Person,"Volume,not seasonally adjusted",JPCOVP=ECI,ダイヤモンド・プリンセス
"Lebanon, Coronavirus cases cumulative, Lebanon, Volume",Lebanon,World Health Organization (WHO),Population,Person,"Volume,not seasonally adjusted",LBCOVD=ECI,レバノン
"World, Coronavirus cases cumulative, Global, Volume",World,World Health Organization (WHO),Population,Person,"Volume,not seasonally adjusted",XWCOVD=ECI,世界
"New Zealand, Coronavirus cases cumulative, New Zealand, Volume",New Zealand,World Health Organization (WHO),Population,Person,"Volume,not seasonally adjusted",NZCOVD=ECI,ニュージーランド
"Norway, Coronavirus cases cumulative, Norway, Volume",Norway,World Health Organization (WHO),Population,Person,"Volume,not seasonally adjusted",NOCOVD=ECI,ノルウェー
"Netherlands, Coronavirus cases cumulative, Netherlands, Volume",Netherlands,World Health Organization (WHO),Population,Person,"Volume,not seasonally adjusted",NLCOVD=ECI,オランダ
"Iceland, Coronavirus cases cumulative, Iceland, Volume",Iceland,World Health Organization (WHO),Population,Person,"Volume,not seasonally adjusted",ISCOVD=ECI,アイスランド
"San Marino, Coronavirus cases cumulative, San Marino, Volume",San Marino,World Health Organization (WHO),Population,Person,"Volume,not seasonally adjusted",SMCOVD=ECI,サンマリノ
"Greece, Coronavirus cases cumulative, Greece, Volume",Greece,World Health Organization (WHO),Population,Person,"Volume,not seasonally adjusted",GRCOVD=ECI,ギリシャ
"Denmark, Coronavirus cases cumulative, Denmark, Volume",Denmark,World Health Organization (WHO),Population,Person,"Volume,not seasonally adjusted",DKCOVD=ECI,デンマーク
"Azerbaijan, Coronavirus cases cumulative, Azerbaijan, Volume",Azerbaijan,World Health Organization (WHO),Population,Person,"Volume,not seasonally adjusted",AZCOVD=ECI,アゼルバイジャン
"Czech Republic, Coronavirus cases cumulative, Czechia, Volume",Czech Republic,World Health Organization (WHO),Population,Person,"Volume,not seasonally adjusted",CZCOVD=ECI,チェコ
"Georgia, Coronavirus cases cumulative, Georgia, Volume",Georgia,World Health Organization (WHO),Population,Person,"Volume,not seasonally adjusted",GECOVD=ECI,ジョージア
"Romania, Coronavirus cases cumulative, Romania, Volume",Romania,World Health Organization (WHO),Population,Person,"Volume,not seasonally adjusted",ROCOVD=ECI,ルーマニア
"Portugal, Coronavirus cases cumulative, Portugal, Volume",Portugal,World Health Organization (WHO),Population,Person,"Volume,not seasonally adjusted",PTCOVD=ECI,ポルトガル
"Andorra, Coronavirus cases cumulative, Andorra, Volume",Andorra,World Health Organization (WHO),Population,Person,"Volume,not seasonally adjusted",ADCOVD=ECI,アンドラ
"Armenia, Coronavirus cases cumulative, Armenia, Volume",Armenia,World Health Organization (WHO),Population,Person,"Volume,not seasonally adjusted",AMCOVD=ECI,アルメニア
"Belarus, Coronavirus cases cumulative, Belarus, Volume",Belarus,World Health Organization (WHO),Population,Person,"Volume,not seasonally adjusted",BYCOVD=ECI,ベラルーシ
"Estonia, Coronavirus cases cumulative, Estonia, Volume",Estonia,World Health Organization (WHO),Population,Person,"Volume,not seasonally adjusted",EECOVD=ECI,エストニア
"Ireland, Coronavirus cases cumulative, Ireland, Volume",Ireland,World Health Organization (WHO),Population,Person,"Volume,not seasonally adjusted",IECOVD=ECI,アイルランド
"Latvia, Coronavirus cases cumulative, Latvia, Volume",Latvia,World Health Organization (WHO),Population,Person,"Volume,not seasonally adjusted",LVCOVD=ECI,ラトビア
"Lithuania, Coronavirus cases cumulative, Lithuania, Volume",Lithuania,World Health Organization (WHO),Population,Person,"Volume,not seasonally adjusted",LTCOVD=ECI,リトアニア
"Luxembourg, Coronavirus cases cumulative, Luxembourg, Volume",Luxembourg,World Health Organization (WHO),Population,Person,"Volume,not seasonally adjusted",LUCOVD=ECI,ルクセンブルク
"Monaco, Coronavirus cases cumulative, Monaco, Volume",Monaco,World Health Organization (WHO),Population,Person,"Volume,not seasonally adjusted",MCCOVD=ECI,モナコ
"Macedonia (the former Yugoslav Republic of), Coronavirus cases cumulative, North Macedonia, Volume",Macedonia (the former Yugoslav Republic of),World Health Organization (WHO),Population,Person,"Volume,not seasonally adjusted",MKCOVD=ECI,マケドニア
"Indonesia, Coronavirus cases cumulative, Indonesia, Volume",Indonesia,World Health Organization (WHO),Population,Person,"Volume,not seasonally adjusted",IDCOVD=ECI,インドネシア
"Qatar, Coronavirus cases cumulative, Qatar, Volume",Qatar,World Health Organization (WHO),Population,Person,"Volume,not seasonally adjusted",QACOVD=ECI,カタール
"Pakistan, Coronavirus cases cumulative, Pakistan, Volume",Pakistan,World Health Organization (WHO),Population,Person,"Volume,not seasonally adjusted",PKCOVD=ECI,パキスタン
"Jordan, Coronavirus cases cumulative, Jordan, Volume",Jordan,World Health Organization (WHO),Population,Person,"Volume,not seasonally adjusted",JOCOVD=ECI,ヨルダン
"Morocco, Coronavirus cases cumulative, Morocco, Volume",Morocco,World Health Organization (WHO),Population,Person,"Volume,not seasonally adjusted",MACOVD=ECI,モロッコ
"Saudi Arabia, Coronavirus cases cumulative, Saudi Arabia, Volume",Saudi Arabia,World Health Organization (WHO),Population,Person,"Volume,not seasonally adjusted",SACOVD=ECI,サウジアラビア
"Tunisia, Coronavirus cases cumulative, Tunisia, Volume",Tunisia,World Health Organization (WHO),Population,Person,"Volume,not seasonally adjusted",TNCOVD=ECI,チュニジア
"Ecuador, Coronavirus cases cumulative, Ecuador, Volume",Ecuador,World Health Organization (WHO),Population,Person,"Volume,not seasonally adjusted",ECCOVD=ECI,エクアドル
"Mexico, Coronavirus cases cumulative, Mexico, Volume",Mexico,World Health Organization (WHO),Population,Person,"Volume,not seasonally adjusted",MXCOVD=ECI,メキシコ
"Brazil, Coronavirus cases cumulative, Brazil, Volume",Brazil,World Health Organization (WHO),Population,Person,"Volume,not seasonally adjusted",BRCOVD=ECI,ブラジル
"Dominican Republic, Coronavirus cases cumulative, Dominican, Volume",Dominican Republic,World Health Organization (WHO),Population,Person,"Volume,not seasonally adjusted",DOCOVD=ECI,ドミニカ共和国
"Nigeria, Coronavirus cases cumulative, Nigeria, Volume",Nigeria,World Health Organization (WHO),Population,Person,"Volume,not seasonally adjusted",NGCOVD=ECI,ナイジェリア
"Senegal, Coronavirus cases cumulative, Senegal, Volume",Senegal,World Health Organization (WHO),Population,Person,"Volume,not seasonally adjusted",SNCOVD=ECI,セネガル
"Poland, Coronavirus cases cumulative, Poland, Volume",Poland,World Health Organization (WHO),Population,Person,"Volume,not seasonally adjusted",PLCOVD=ECI,ポーランド
"Argentina, Coronavirus cases cumulative, Argentina, Volume",Argentina,World Health Organization (WHO),Population,Person,"Volume,not seasonally adjusted",ARCOVD=ECI,アルゼンチン
"Chile, Coronavirus cases cumulative, Chile, Volume",Chile,World Health Organization (WHO),Population,Person,"Volume,not seasonally adjusted",CLCOVD=ECI,チリ
"Ukraine, Coronavirus cases cumulative, Ukraine, Volume",Ukraine,World Health Organization (WHO),Population,Person,"Volume,not seasonally adjusted",UACOVD=ECI,ウクライナ
"Bosnia and Herzegovina, Coronavirus cases cumulative, Bosnia and Herzegovina, Volume",Bosnia and Herzegovina,World Health Organization (WHO),Population,Person,"Volume,not seasonally adjusted",BACOVD=ECI,ボスニア・ヘルツェゴビナ
"Gibraltar, Coronavirus cases cumulative, Gibraltar, Volume",Gibraltar,World Health Organization (WHO),Population,Person,"Volume,not seasonally adjusted",GICOVD=ECI,ジブラルタル
"Hungary, Coronavirus cases cumulative, Hungary, Volume",Hungary,World Health Organization (WHO),Population,Person,"Volume,not seasonally adjusted",HUCOVD=ECI,ハンガリー
"Slovenia, Coronavirus cases cumulative, Slovenia, Volume",Slovenia,World Health Organization (WHO),Population,Person,"Volume,not seasonally adjusted",SICOVD=ECI,スロベニア
"Palestinian Territories, Coronavirus cases cumulative, occupied Palestinian territory, Volume",Palestinian Territories,World Health Organization (WHO),Population,Person,"Volume,not seasonally adjusted",PSCOVD=ECI,スロベニア
"Bhutan, Coronavirus cases cumulative,Bhutan, Volume",Bhutan,World Health Organization (WHO),Population,Person,"Volume,not seasonally adjusted",BTCOVD=ECI,ブータン
"Cameroon, Coronavirus cases cumulative,Cameroon, Volume",Cameroon,World Health Organization (WHO),Population,Person,"Volume,not seasonally adjusted",CMCOVD=ECI,カメルーン
"Serbia, Coronavirus cases cumulative, Serbia, Volume",Serbia,World Health Organization (WHO),Population,Person,"Volume,not seasonally adjusted",RSCOVD=ECI,セルビア
"South Africa, Coronavirus cases cumulative,South Africa, Volume",South Africa,World Health Organization (WHO),Population,Person,"Volume,not seasonally adjusted",ZACOVD=ECI,南アフリカ
"Colombia, Coronavirus cases cumulative,Colombia, Volume",Colombia,World Health Organization (WHO),Population,Person,"Volume,not seasonally adjusted",COCOVD=ECI,コロンビア
"Peru, Coronavirus cases cumulative,Peru, Volume",Peru,World Health Organization (WHO),Population,Person,"Volume,not seasonally adjusted",PECOVD=ECI,ペルー
"Togo, Coronavirus cases cumulative,Togo, Volume",Togo,World Health Organization (WHO),Population,Person,"Volume,not seasonally adjusted",TGCOVD=ECI,トーゴ
"Bulgaria, Coronavirus cases cumulative,Bulgaria, Volume",Bulgaria,World Health Organization (WHO),Population,Person,"Volume,not seasonally adjusted",BGCOVD=ECI,ブルガリア
"Costa Rica, Coronavirus cases cumulative,Costa Rica, Volume",Costa Rica,World Health Organization (WHO),Population,Person,"Volume,not seasonally adjusted",CRCOVD=ECI,コスタリカ
"Faroe Islands, Coronavirus cases cumulative,Faroe Islands, Volume",Faroe Islands,World Health Organization (WHO),Population,Person,"Volume,not seasonally adjusted",FOCOVD=ECI,フェロー諸島
"French Guiana, Coronavirus cases cumulative,French Guiana, Volume",French Guiana,World Health Organization (WHO),Population,Person,"Volume,not seasonally adjusted",GFCOVD=ECI,フランス領ギアナ
"Maldives, Coronavirus cases cumulative,Maldives, Volume",Maldives,World Health Organization (WHO),Population,Person,"Volume,not seasonally adjusted",MVCOVD=ECI,モルディブ
"Malta, Coronavirus cases cumulative,Malta, Volume",Malta,World Health Organization (WHO),Population,Person,"Volume,not seasonally adjusted",MTCOVD=ECI,マルタ
"Martinique, Coronavirus cases cumulative,Martinique, Volume",Martinique,World Health Organization (WHO),Population,Person,"Volume,not seasonally adjusted",MQCOVD=ECI,マルチニーク
"Moldova, Coronavirus cases cumulative,Moldova, Republic of, Volume",Moldova,World Health Organization (WHO),Population,Person,"Volume,not seasonally adjusted",MDCOVD=ECI,モルドバ
"China (Mainland), Coronavirus cases cumulative, China, Volume",China (Mainland),World Health Organization (WHO),Population,Person,"Volume,not seasonally adjusted",CNCOVD=ECI,中国(WHO)
"Brunei, Coronavirus cases cumulative, Brunei Darussalam, Volume",Brunei,World Health Organization (WHO),Population,Person,"Volume,not seasonally adjusted",BNCOVD=ECI,ブルネイ
"Mongolia, Coronavirus cases cumulative, Mongolia, Volume",Mongolia,World Health Organization (WHO),Population,Person,"Volume,not seasonally adjusted",MNCOVD=ECI,モンゴル
"Slovakia, Coronavirus cases cumulative, Slovakia, Volume",Slovakia,World Health Organization (WHO),Population,Person,"Volume,not seasonally adjusted",SKCOVD=ECI,スロバキア
"Albania, Coronavirus cases cumulative, Albania, Volume",Albania,World Health Organization (WHO),Population,Person,"Volume,not seasonally adjusted",ALCOVD=ECI,アルバニア
"Cyprus, Coronavirus cases cumulative, Cyprus, Volume",Cyprus,World Health Organization (WHO),Population,Person,"Volume,not seasonally adjusted",CYCOVD=ECI,キプロス
"Vatican City, Coronavirus cases cumulative, Vatican, Volume",Vatican City,World Health Organization (WHO),Population,Person,"Volume,not seasonally adjusted",VACOVD=ECI,バチカン
"Liechtenstein, Coronavirus cases cumulative, Liechtenstein, Volume",Liechtenstein,World Health Organization (WHO),Population,Person,"Volume,not seasonally adjusted",LICOVD=ECI,リヒテンシュタイン
"Guernsey, Coronavirus cases cumulative, Guernsey, Volume",Guernsey,World Health Organization (WHO),Population,Person,"Volume,not seasonally adjusted",GGCOVD=ECI,ガンジー
"Bangladesh, Coronavirus cases cumulative, Bangladesh, Volume",Bangladesh,World Health Organization (WHO),Population,Person,"Volume,not seasonally adjusted",BDCOVD=ECI,バングラデシュ
"Panama, Coronavirus cases cumulative, Panama, Volume",Panama,World Health Organization (WHO),Population,Person,"Volume,not seasonally adjusted",PACOVD=ECI,パナマ
"Paraguay, Coronavirus cases cumulative, Paraguay, Volume",Paraguay,World Health Organization (WHO),Population,Person,"Volume,not seasonally adjusted",PYCOVD=ECI,パラグアイ
"Bolivia, Coronavirus cases cumulative, Bolivia, Volume",Bolivia,World Health Organization (WHO),Population,Person,"Volume,not seasonally adjusted",BOCOVD=ECI,ボリビア
"Jamaica, Coronavirus cases cumulative, Jamaica, Volume",Jamaica,World Health Organization (WHO),Population,Person,"Volume,not seasonally adjusted",JMCOVD=ECI,ジャマイカ
"France, Coronavirus cases cumulative, Saint Martin, Volume",France,World Health Organization (WHO),Population,Person,"Volume,not seasonally adjusted",FRCOVM=ECI,フランス
"France, Coronavirus cases cumulative, Saint Barthelemy, Volume",France,World Health Organization (WHO),Population,Person,"Volume,not seasonally adjusted",FRCOVB=ECI,フランス
"Burkina Faso, Coronavirus cases cumulative, Burkina Faso, Volume",Burkina Faso,World Health Organization (WHO),Population,Person,"Volume,not seasonally adjusted",BFCOVD=ECI,ブルキナファソ
"Congo (RC), Coronavirus cases cumulative, Congo, Volume",Congo (RC),World Health Organization (WHO),Population,Person,"Volume,not seasonally adjusted",CGCOVD=ECI,コンゴ共和国
"Angola, Coronavirus cases cumulative, Angola, Volume",Angola,World Health Organization (WHO),Population,Person,"Volume,not seasonally adjusted",AOCOVD=ECI,アンゴラ
"Antigua and Barbuda, Coronavirus cases cumulative, Antigua & Barbuda, Volume",Antigua and Barbuda,World Health Organization (WHO),Population,Person,"Volume,not seasonally adjusted",AGCOVD=ECI,アンティグア・バーブーダ
"Aruba, Coronavirus cases cumulative, Aruba, Volume",Aruba,World Health Organization (WHO),Population,Person,"Volume,not seasonally adjusted",AWCOVD=ECI,アルバ
"Bahamas, Coronavirus cases cumulative, Bahamas, Volume",Bahamas,World Health Organization (WHO),Population,Person,"Volume,not seasonally adjusted",BSCOVD=ECI,バハマ
"Barbados, Coronavirus cases cumulative, Barbados, Volume",Barbados,World Health Organization (WHO),Population,Person,"Volume,not seasonally adjusted",BBCOVD=ECI,バルバドス
"Belize, Coronavirus cases cumulative, Belize, Volume",Belize,World Health Organization (WHO),Population,Person,"Volume,not seasonally adjusted",BZCOVD=ECI,ベリーズ
"Benin, Coronavirus cases cumulative, Benin, Volume",Benin,World Health Organization (WHO),Population,Person,"Volume,not seasonally adjusted",BJCOVD=ECI,ベナン
"Bermuda, Coronavirus cases cumulative, Bermuda, Volume",Bermuda,World Health Organization (WHO),Population,Person,"Volume,not seasonally adjusted",BMCOVD=ECI,バミューダ
"Cape Verde, Coronavirus cases cumulative, Cabo Verde, Volume",Cape Verde,World Health Organization (WHO),Population,Person,"Volume,not seasonally adjusted",CVCOVD=ECI,カーボベルデ
"Cayman Islands, Coronavirus cases cumulative, Cayman Islands, Volume",Cayman Islands,World Health Organization (WHO),Population,Person,"Volume,not seasonally adjusted",KYCOVD=ECI,ケイマン諸島
"Central African Republic, Coronavirus cases cumulative, Central African Republic, Volume",Central African Republic,World Health Organization (WHO),Population,Person,"Volume,not seasonally adjusted",CFCOVD=ECI,中央アフリカ
"Chad, Coronavirus cases cumulative, Chad, Volume",Chad,World Health Organization (WHO),Population,Person,"Volume,not seasonally adjusted",TDCOVD=ECI,チャド
"Congo (DRC), Coronavirus cases cumulative, The Democratic Republic of the Congo, Volume",Congo (DRC),World Health Organization (WHO),Population,Person,"Volume,not seasonally adjusted",CDCOVD=ECI,コンゴ民主共和国
"Ivory Coast, Coronavirus cases cumulative, Cote D'Ivoire, Volume",Ivory Coast,World Health Organization (WHO),Population,Person,"Volume,not seasonally adjusted",CICOVD=ECI,コートジボワール
"Cuba, Coronavirus cases cumulative, Cuba, Volume",Cuba,World Health Organization (WHO),Population,Person,"Volume,not seasonally adjusted",CUCOVD=ECI,キューバ
"Curacao, Coronavirus cases cumulative, Curacao, Volume",Curacao,World Health Organization (WHO),Population,Person,"Volume,not seasonally adjusted",CWCOVD=ECI,キュラソー
"Djibouti, Coronavirus cases cumulative, Djibouti, Volume",Djibouti,World Health Organization (WHO),Population,Person,"Volume,not seasonally adjusted",DJCOVD=ECI,ジブチ
"Dominica, Coronavirus cases cumulative, Dominica, Volume",Dominica,World Health Organization (WHO),Population,Person,"Volume,not seasonally adjusted",DMCOVD=ECI,ドミニカ国
"El Salvador, Coronavirus cases cumulative, El Salvador, Volume",El Salvador,World Health Organization (WHO),Population,Person,"Volume,not seasonally adjusted",SVCOVD=ECI,エルサルバドル
"Equatorial Guinea, Coronavirus cases cumulative, Equatorial Guinea, Volume",Equatorial Guinea,World Health Organization (WHO),Population,Person,"Volume,not seasonally adjusted",GQCOVD=ECI,赤道ギニア
"Eswatini, Coronavirus cases cumulative, Eswatini, Volume",Eswatini,World Health Organization (WHO),Population,Person,"Volume,not seasonally adjusted",SZCOVD=ECI,エスワティニ(スワジランド)
"Ethiopia, Coronavirus cases cumulative, Ethiopia, Volume",Ethiopia,World Health Organization (WHO),Population,Person,"Volume,not seasonally adjusted",ETCOVD=ECI,エチオピア
"Fiji, Coronavirus cases cumulative, Fiji, Volume",Fiji,World Health Organization (WHO),Population,Person,"Volume,not seasonally adjusted",FJCOVD=ECI,フィジー
"French Polynesia, Coronavirus cases cumulative, French Polynesia, Volume",French Polynesia,World Health Organization (WHO),Population,Person,"Volume,not seasonally adjusted",PFCOVD=ECI,フランス領ポリネシア
"Gabon, Coronavirus cases cumulative, Gabon, Volume",Gabon,World Health Organization (WHO),Population,Person,"Volume,not seasonally adjusted",GACOVD=ECI,ガボン
"Gambia, Coronavirus cases cumulative, Gambia, Volume",Gambia,World Health Organization (WHO),Population,Person,"Volume,not seasonally adjusted",GMCOVD=ECI,ガンビア
"Ghana, Coronavirus cases cumulative, Ghana, Volume",Ghana,World Health Organization (WHO),Population,Person,"Volume,not seasonally adjusted",GHCOVD=ECI,ガーナ
"Greenland, Coronavirus cases cumulative, Greenland, Volume",Greenland,World Health Organization (WHO),Population,Person,"Volume,not seasonally adjusted",GLCOVD=ECI,グリーンランド
"Grenada, Coronavirus cases cumulative, Grenada, Volume",Grenada,World Health Organization (WHO),Population,Person,"Volume,not seasonally adjusted",GDCOVD=ECI,グレナダ
"Guadeloupe, Coronavirus cases cumulative, Guadeloupe, Volume",Guadeloupe,World Health Organization (WHO),Population,Person,"Volume,not seasonally adjusted",GPCOVD=ECI,グアドループ
"Guam, Coronavirus cases cumulative, Guam, Volume",Guam,World Health Organization (WHO),Population,Person,"Volume,not seasonally adjusted",GUCOVD=ECI,グアム
"Guatemala, Coronavirus cases cumulative, Guatemala, Volume",Guatemala,World Health Organization (WHO),Population,Person,"Volume,not seasonally adjusted",GTCOVD=ECI,グアテマラ
"Guinea, Coronavirus cases cumulative, Guinea, Volume",Guinea,World Health Organization (WHO),Population,Person,"Volume,not seasonally adjusted",GNCOVD=ECI,ギニア
"Guinea-Bissau, Coronavirus cases cumulative, Guinea-Bissau, Volume",Guinea-Bissau,World Health Organization (WHO),Population,Person,"Volume,not seasonally adjusted",GWCOVD=ECI,ギニアビサウ
"Guyana, Coronavirus cases cumulative, Guyana, Volume",Guyana,World Health Organization (WHO),Population,Person,"Volume,not seasonally adjusted",GYCOVD=ECI,ガイアナ
"Haiti, Coronavirus cases cumulative, Haiti, Volume",Haiti,World Health Organization (WHO),Population,Person,"Volume,not seasonally adjusted",HTCOVD=ECI,ハイチ
"Honduras, Coronavirus cases cumulative, Honduras, Volume",Honduras,World Health Organization (WHO),Population,Person,"Volume,not seasonally adjusted",HNCOVD=ECI,ホンジュラス
"Isle of Man, Coronavirus cases cumulative, Isle of Man, Volume",Isle of Man,World Health Organization (WHO),Population,Person,"Volume,not seasonally adjusted",IMCOVD=ECI,マン島
"Jersey, Coronavirus cases cumulative, Jersey, Volume",Jersey,World Health Organization (WHO),Population,Person,"Volume,not seasonally adjusted",JECOVD=ECI,ジャージー
"Kazakhstan, Coronavirus cases cumulative, Kazakhstan, Volume",Kazakhstan,World Health Organization (WHO),Population,Person,"Volume,not seasonally adjusted",KZCOVD=ECI,カザフスタン
"Kenya, Coronavirus cases cumulative, Kenya, Volume",Kenya,World Health Organization (WHO),Population,Person,"Volume,not seasonally adjusted",KECOVD=ECI,ケニア
"Kyrgyzstan, Coronavirus cases cumulative, Kyrgyz Republic, Volume",Kyrgyzstan,World Health Organization (WHO),Population,Person,"Volume,not seasonally adjusted",KGCOVD=ECI,キルギス
"Laos, Coronavirus cases cumulative, Laos, Volume",Laos,World Health Organization (WHO),Population,Person,"Volume,not seasonally adjusted",LACOVD=ECI,ラオス
"Liberia, Coronavirus cases cumulative, Liberia, Volume",Liberia,World Health Organization (WHO),Population,Person,"Volume,not seasonally adjusted",LRCOVD=ECI,リベリア
"Libya, Coronavirus cases cumulative, Libya, Volume",Libya,World Health Organization (WHO),Population,Person,"Volume,not seasonally adjusted",LYCOVD=ECI,リビア
"Madagascar, Coronavirus cases cumulative, Madagascar, Volume",Madagascar,World Health Organization (WHO),Population,Person,"Volume,not seasonally adjusted",MGCOVD=ECI,マダガスカル
"Mali, Coronavirus cases cumulative, Mali, Volume",Mali,World Health Organization (WHO),Population,Person,"Volume,not seasonally adjusted",MLCOVD=ECI,マリ
"Mauritania, Coronavirus cases cumulative, Mauritania, Volume",Mauritania,World Health Organization (WHO),Population,Person,"Volume,not seasonally adjusted",MRCOVD=ECI,モーリタニア
"Mauritius, Coronavirus cases cumulative, Mauritius, Volume",Mauritius,World Health Organization (WHO),Population,Person,"Volume,not seasonally adjusted",MUCOVD=ECI,モーリシャス
"Montenegro, Coronavirus cases cumulative, Montenegro, Volume",Montenegro,World Health Organization (WHO),Population,Person,"Volume,not seasonally adjusted",MECOVD=ECI,モンテネグロ
"Mozambique, Coronavirus cases cumulative, Mozambique, Volume",Mozambique,World Health Organization (WHO),Population,Person,"Volume,not seasonally adjusted",MZCOVD=ECI,モザンビーク
"Myanmar, Coronavirus cases cumulative, Myanmar, Volume",Myanmar,World Health Organization (WHO),Population,Person,"Volume,not seasonally adjusted",MMCOVD=ECI,ミャンマー
"Namibia, Coronavirus cases cumulative, Namibia, Volume",Namibia,World Health Organization (WHO),Population,Person,"Volume,not seasonally adjusted",NACOVD=ECI,ナミビア
"New Caledonia, Coronavirus cases cumulative, New Caledonia, Volume",New Caledonia,World Health Organization (WHO),Population,Person,"Volume,not seasonally adjusted",NCCOVD=ECI,ニューカレドニア
"Nicaragua, Coronavirus cases cumulative, Nicaragua, Volume",Nicaragua,World Health Organization (WHO),Population,Person,"Volume,not seasonally adjusted",NICOVD=ECI,ニカラグア
"Niger, Coronavirus cases cumulative, Niger, Volume",Niger,World Health Organization (WHO),Population,Person,"Volume,not seasonally adjusted",NECOVD=ECI,ニジェール
"Papua New Guinea, Coronavirus cases cumulative, Papua New Guinea, Volume",Papua New Guinea,World Health Organization (WHO),Population,Person,"Volume,not seasonally adjusted",PGCOVD=ECI,パプアニューギニア
"Puerto Rico, Coronavirus cases cumulative, Puerto Rico, Volume",Puerto Rico,World Health Organization (WHO),Population,Person,"Volume,not seasonally adjusted",PRCOVD=ECI,プエルトリコ
"Reunion, Coronavirus cases cumulative, Reunion, Volume",Reunion,World Health Organization (WHO),Population,Person,"Volume,not seasonally adjusted",RECOVD=ECI,レユニオン
"Rwanda, Coronavirus cases cumulative, Rwanda, Volume",Rwanda,World Health Organization (WHO),Population,Person,"Volume,not seasonally adjusted",RWCOVD=ECI,ルワンダ
"Saint Kitts and Nevis, Coronavirus cases cumulative, Saint Kitts and Nevis, Volume",Saint Kitts and Nevis,World Health Organization (WHO),Population,Person,"Volume,not seasonally adjusted",KNCOVD=ECI,セントキッツ・ネービス
"Saint Lucia, Coronavirus cases cumulative, Saint Lucia, Volume",Saint Lucia,World Health Organization (WHO),Population,Person,"Volume,not seasonally adjusted",LCCOVD=ECI,セントルシア
"Saint Vincent and the Grenadines, Coronavirus cases cumulative, Saint Vincent and the Grenadines, Volume",Saint Vincent and the Grenadines,World Health Organization (WHO),Population,Person,"Volume,not seasonally adjusted",VCCOVD=ECI,セントビンセント・グレナディーン
"Seychelles, Coronavirus cases cumulative, Seychelles, Volume",Seychelles,World Health Organization (WHO),Population,Person,"Volume,not seasonally adjusted",SCCOVD=ECI,セーシェル
"Somalia, Coronavirus cases cumulative, Somalia, Volume",Somalia,World Health Organization (WHO),Population,Person,"Volume,not seasonally adjusted",SOCOVD=ECI,ソマリア
"Sudan, Coronavirus cases cumulative, Sudan, Volume",Sudan,World Health Organization (WHO),Population,Person,"Volume,not seasonally adjusted",SDCOVD=ECI,スーダン
"Suriname, Coronavirus cases cumulative, Suriname, Volume",Suriname,World Health Organization (WHO),Population,Person,"Volume,not seasonally adjusted",SRCOVD=ECI,スリナム
"Syria, Coronavirus cases cumulative, Syrian Arab Republic, Volume",Syria,World Health Organization (WHO),Population,Person,"Volume,not seasonally adjusted",SYCOVD=ECI,シリア
"Tanzania, Coronavirus cases cumulative, Tanzania, Volume",Tanzania,World Health Organization (WHO),Population,Person,"Volume,not seasonally adjusted",TZCOVD=ECI,タンザニア
"East Timor / Timor-Leste, Coronavirus cases cumulative, Timor-Leste, Volume",East Timor / Timor-Leste,World Health Organization (WHO),Population,Person,"Volume,not seasonally adjusted",TLCOVD=ECI,東ティモール
"Trinidad and Tobago, Coronavirus cases cumulative, Trinidad and Tobago, Volume",Trinidad and Tobago,World Health Organization (WHO),Population,Person,"Volume,not seasonally adjusted",TTCOVD=ECI,トリニダード・トバゴ
"Turkey, Coronavirus cases cumulative, Turkey, Volume",Turkey,World Health Organization (WHO),Population,Person,"Volume,not seasonally adjusted",TRCOVD=ECI,トルコ
"Turks and Caicos Islands, Coronavirus cases cumulative, Turks and Caicos Islands, Volume",Turks and Caicos Islands,World Health Organization (WHO),Population,Person,"Volume,not seasonally adjusted",TCCOVD=ECI,タークス・カイコス諸島
"Uruguay, Coronavirus cases cumulative, Uruguay, Volume",Uruguay,World Health Organization (WHO),Population,Person,"Volume,not seasonally adjusted",UYCOVD=ECI,ウルグアイ
"Uzbekistan, Coronavirus cases cumulative, Uzbekistan, Volume",Uzbekistan,World Health Organization (WHO),Population,Person,"Volume,not seasonally adjusted",UZCOVD=ECI,ウズベキスタン
"Venezuela, Coronavirus cases cumulative, Venezuela, Volume",Venezuela,World Health Organization (WHO),Population,Person,"Volume,not seasonally adjusted",VECOVD=ECI,ベネズエラ
"U.S. Virgin Islands, Coronavirus cases cumulative, Virgin Islands (US), Volume",U.S. Virgin Islands,World Health Organization (WHO),Population,Person,"Volume,not seasonally adjusted",VICOVD=ECI,米領バージン諸島
"Zambia, Coronavirus cases cumulative, Zambia, Volume",Zambia,World Health Organization (WHO),Population,Person,"Volume,not seasonally adjusted",ZMCOVD=ECI,ザンビア
"Zimbabwe, Coronavirus cases cumulative, Zimbabwe, Volume",Zimbabwe,World Health Organization (WHO),Population,Person,"Volume,not seasonally adjusted",ZWCOVD=ECI,ジンバブエ
"Mayotte, Coronavirus cases cumulative, Mayotte, Volume",Mayotte,World Health Organization (WHO),Population,Person,"Volume,not seasonally adjusted",YTCOVD=ECI,マイヨット島
"Montserrat, Coronavirus cases cumulative, Montserrat, Volume",Montserrat,World Health Organization (WHO),Population,Person,"Volume,not seasonally adjusted",MSCOVD=ECI,モンセラート
"Sint Maarten, Coronavirus cases cumulative, Sint Maarten, Volume",Sint Maarten,World Health Organization (WHO),Population,Person,"Volume,not seasonally adjusted",SXCOVD=ECI,シントマールテン
"China (Mainland), Coronavirus infections cumulative, Volume",China (Mainland),National Health Commission of the Peoples Republic of China,Population,Person,"Volume,not seasonally adjusted",CNCCOV=ECI,中国
"Hong Kong, Coronavirus cases cumulative, HongKong, Volume",Hong Kong,National Health Commission of the Peoples Republic of China,Population,Person,"Volume,not seasonally adjusted",HKCCOV=ECI,香港
"Macau, Coronavirus cases cumulative, Macau, Volume",Macau,National Health Commission of the Peoples Republic of China,Population,Person,"Volume,not seasonally adjusted",MOCCOV=ECI,マカオ
"Taiwan, Coronavirus cases cumulative, Taiwan, Volume",Taiwan,National Health Commission of the Peoples Republic of China,Population,Person,"Volume,not seasonally adjusted",TWCCOV=ECI,台湾